<!DOCTYPE mapper
    PUBLIC "-//mybatis.org//DTD Mapper 3.0//EN"
    "https://mybatis.org/dtd/mybatis-3-mapper.dtd">


<!-- namespace : 매퍼 인터페이스의 경로 작성 -->
<!-- 			 XML 매퍼 파일과 매퍼 인터페이스와 연결 -->
<mapper namespace="aloha.mapper.ReplyMapper">

	  <resultMap id="replyMap" type="Reply">
	  	<id property="replyNo" column="reply_no" />
	  	<result property="writer" column="writer" />
	  	<result property="content" column="content" />
	  	<result property="groupNo" column="group_no" />
	  	<result property="parentNo" column="parent_no" />
	  	<result property="depthNo" column="depth_no" />
	  	<result property="seqNo" column="seq_no" />
	  	<result property="regDate" column="reg_date" />
	  	<result property="updDate" column="upd_date" />
	  	
	  	<collection property="subList" resultMap="subReplyMap"></collection>
	  </resultMap>
	  
	  <resultMap id="subReplyMap" type="Reply">
	  	<id property="replyNo" column="sub_reply_no" />
	  	<result property="writer" column="sub_writer" />
	  	<result property="content" column="sub_content" />
	  	<result property="groupNo" column="sub_groupNo" />
	  	<result property="parentNo" column="sub_parentNo" />
	  	<result property="depthNo" column="sub_depthNo" />
	  	<result property="seqNo" column="sub_seqNo" />
	  	<result property="regDate" column="sub_reg_date" />
	  	<result property="updDate" column="sub_reg_date" />
	  </resultMap>
	  
	  
	  <select id="list" resultMap="replyMap">
	  	<![CDATA[
			SELECT r1.*
			      ,r2.reply_no sub_reply_no
			      ,r2.writer sub_writer
			      ,r2.content sub_content
			      ,r2.group_no sub_group_no
			      ,r2.parent_no sub_parent_no
			      ,r2.depth_no sub_depth_no
			      ,r2.seq_no sub_seq_no
			      ,r2.reg_date sub_reg_date
			      ,r2.upd_date sub_reg_date
			FROM reply r1
				 LEFT JOIN (
							SELECT *
			                FROM reply
			                WHERE reply_no <> group_no
						   ) r2
			     ON r1.reply_no = r2.parent_no
			ORDER BY r1.group_no DESC
						        ,r1.seq_no ASC
						        ,r1.depth_no ASC
						        ,r1.reg_date DESC	  
	  	]]>
	  </select>


</mapper>














